{"cameraMode":{"drawMode":0,"name":"Shaded","section":"Shading Mode"},"sceneLighting":false,"audioPlay":false,"sceneViewState":{"showFog":true,"showMaterialUpdate":false,"showSkybox":true,"showFlares":true,"showImageEffects":true,"showParticleSystems":true},"in2DMode":false,"pivot":{"x":-8.1373872756958,"y":-1.3039770126342774,"z":15.593194961547852},"rotation":{"x":-0.5717907547950745,"y":0.024602754041552545,"z":-0.017158951610326768,"w":-0.8198510408401489},"size":12.611319541931153,"orthographic":false}