{"cameraMode":{"drawMode":0,"name":"Shaded","section":"Shading Mode"},"sceneLighting":false,"audioPlay":false,"sceneViewState":{"showFog":true,"showMaterialUpdate":false,"showSkybox":true,"showFlares":true,"showImageEffects":true,"showParticleSystems":true},"in2DMode":false,"pivot":{"x":-8.507200241088868,"y":0.940000057220459,"z":16.500675201416017},"rotation":{"x":0.704962432384491,"y":-0.0053191399201750759,"z":0.005287321284413338,"w":0.7092050313949585},"size":15.868368148803711,"orthographic":false}