{"cameraMode":{"drawMode":0,"name":"Shaded","section":"Shading Mode"},"sceneLighting":false,"audioPlay":false,"sceneViewState":{"showFog":true,"showMaterialUpdate":false,"showSkybox":true,"showFlares":true,"showImageEffects":true,"showParticleSystems":true},"in2DMode":false,"pivot":{"x":2.4700000286102297,"y":5.25,"z":6.409999847412109},"rotation":{"x":0.22492536902427674,"y":-0.28998109698295596,"z":0.0703175887465477,"w":0.9275640249252319},"size":2.2863075733184816,"orthographic":false}